<?xml version="1.0"?>
<houses>
	<house name="Blessed Shield Guildhall" houseid="1" entryx="32908" entryy="32127" entryz="6" rent="8090" townid="1" size="126" />
	<house name="Dagger Alley 1" houseid="2" entryx="32921" entryy="32134" entryz="6" rent="2665" townid="1" size="53" />
	<house name="Dream Street 1 (Shop)" houseid="3" entryx="32897" entryy="32107" entryz="6" rent="4330" townid="1" size="81" />
	<house name="Dream Street 2" houseid="4" entryx="32898" entryy="32077" entryz="6" rent="3340" townid="1" size="63" />
	<house name="Dream Street 3" houseid="5" entryx="32897" entryy="32069" entryz="6" rent="2710" townid="1" size="51" />
	<house name="Dream Street 4" houseid="6" entryx="32898" entryy="32042" entryz="6" rent="3765" townid="1" size="65" />
	<house name="Elm Street 1" houseid="7" entryx="32894" entryy="32056" entryz="6" rent="2710" townid="1" size="51" />
	<house name="Elm Street 2" houseid="8" entryx="32894" entryy="32055" entryz="6" rent="2665" townid="1" size="51" />
	<house name="Elm Street 3" houseid="9" entryx="32902" entryy="32056" entryz="6" rent="2855" townid="1" size="51" />
	<house name="Elm Street 4" houseid="10" entryx="32902" entryy="32055" entryz="6" rent="3765" townid="1" size="50" />
	<house name="Golden Axe Guildhall" houseid="11" entryx="32987" entryy="32109" entryz="6" rent="10485" guildhall="true" townid="1" size="167" />
	<house name="Iron Alley 1" houseid="12" entryx="32942" entryy="32126" entryz="6" rent="3450" townid="1" size="60" />
	<house name="Iron Alley 2" houseid="13" entryx="32948" entryy="32126" entryz="6" rent="3450" townid="1" size="59" />
	<house name="Loot Lane 1 (Shop)" houseid="14" entryx="32981" entryy="32059" entryz="6" rent="4565" townid="1" size="84" />
	<house name="Lucky Lane 1 (Shop)" houseid="15" entryx="32936" entryy="32090" entryz="6" rent="6960" townid="1" size="131" />
	<house name="Market Street 1" houseid="16" entryx="32932" entryy="32051" entryz="6" rent="6680" townid="1" size="132" />
	<house name="Market Street 2" houseid="17" entryx="32944" entryy="32053" entryz="6" rent="4925" townid="1" size="93" />
	<house name="Market Street 3" houseid="18" entryx="32950" entryy="32052" entryz="6" rent="3475" townid="1" size="67" />
	<house name="Market Street 4 (Shop)" houseid="19" entryx="32960" entryy="32052" entryz="6" rent="5105" townid="1" size="91" />
	<house name="Market Street 5 (Shop)" houseid="20" entryx="32964" entryy="32053" entryz="6" rent="6375" townid="1" size="116" />
	<house name="Market Street 6" houseid="21" entryx="32993" entryy="32052" entryz="6" rent="5485" townid="1" size="97" />
	<house name="Market Street 7" houseid="22" entryx="33004" entryy="32052" entryz="6" rent="2310" townid="1" size="41" />
	<house name="Mystic Lane 1" houseid="23" entryx="32975" entryy="32072" entryz="6" rent="2945" townid="1" size="51" />
	<house name="Mystic Lane 2" houseid="24" entryx="32979" entryy="32072" entryz="6" rent="2980" townid="1" size="57" />
	<house name="Old Lighthouse" houseid="25" entryx="32926" entryy="32037" entryz="6" rent="3610" townid="1" size="73" />
	<house name="Paupers Palace, Flat 01" houseid="26" entryx="32918" entryy="32094" entryz="7" rent="405" townid="1" size="6" />
	<house name="Paupers Palace, Flat 02" houseid="27" entryx="32914" entryy="32094" entryz="7" rent="450" townid="1" size="7" />
	<house name="Paupers Palace, Flat 03" houseid="28" entryx="32911" entryy="32100" entryz="7" rent="405" townid="1" size="6" />
	<house name="Paupers Palace, Flat 04" houseid="29" entryx="32906" entryy="32099" entryz="7" rent="450" townid="1" size="7" />
	<house name="Paupers Palace, Flat 05" houseid="30" entryx="32906" entryy="32096" entryz="7" rent="315" townid="1" size="4" />
	<house name="Paupers Palace, Flat 06" houseid="31" entryx="32906" entryy="32092" entryz="7" rent="450" townid="1" size="7" />
	<house name="Paupers Palace, Flat 07" houseid="32" entryx="32910" entryy="32091" entryz="7" rent="685" townid="1" size="8" />
	<house name="Paupers Palace, Flat 11" houseid="33" entryx="32903" entryy="32095" entryz="6" rent="315" townid="1" size="4" />
	<house name="Paupers Palace, Flat 12" houseid="34" entryx="32904" entryy="32096" entryz="6" rent="685" townid="1" size="8" />
	<house name="Paupers Palace, Flat 13" houseid="35" entryx="32907" entryy="32095" entryz="6" rent="450" townid="1" size="7" />
	<house name="Paupers Palace, Flat 14" houseid="36" entryx="32909" entryy="32096" entryz="6" rent="585" townid="1" size="10" />
	<house name="Paupers Palace, Flat 15" houseid="37" entryx="32911" entryy="32095" entryz="6" rent="450" townid="1" size="7" />
	<house name="Paupers Palace, Flat 16" houseid="38" entryx="32914" entryy="32096" entryz="6" rent="585" townid="1" size="10" />
	<house name="Paupers Palace, Flat 17" houseid="39" entryx="32915" entryy="32095" entryz="6" rent="450" townid="1" size="7" />
	<house name="Paupers Palace, Flat 18" houseid="40" entryx="32918" entryy="32095" entryz="6" rent="315" townid="1" size="4" />
	<house name="Paupers Palace, Flat 21" houseid="41" entryx="32918" entryy="32095" entryz="5" rent="315" townid="1" size="4" />
	<house name="Paupers Palace, Flat 22" houseid="42" entryx="32915" entryy="32095" entryz="5" rent="450" townid="1" size="7" />
	<house name="Paupers Palace, Flat 23" houseid="43" entryx="32914" entryy="32096" entryz="5" rent="585" townid="1" size="10" />
	<house name="Paupers Palace, Flat 24" houseid="44" entryx="32911" entryy="32095" entryz="5" rent="450" townid="1" size="7" />
	<house name="Paupers Palace, Flat 25" houseid="45" entryx="32909" entryy="32096" entryz="5" rent="585" townid="1" size="10" />
	<house name="Paupers Palace, Flat 26" houseid="46" entryx="32907" entryy="32095" entryz="5" rent="450" townid="1" size="7" />
	<house name="Paupers Palace, Flat 27" houseid="47" entryx="32904" entryy="32096" entryz="5" rent="685" townid="1" size="8" />
	<house name="Paupers Palace, Flat 28" houseid="48" entryx="32903" entryy="32095" entryz="5" rent="315" townid="1" size="4" />
	<house name="Paupers Palace, Flat 31" houseid="49" entryx="32918" entryy="32095" entryz="4" rent="855" townid="1" size="16" />
	<house name="Paupers Palace, Flat 32" houseid="50" entryx="32914" entryy="32096" entryz="4" rent="1135" townid="1" size="17" />
	<house name="Paupers Palace, Flat 33" houseid="51" entryx="32911" entryy="32095" entryz="4" rent="765" townid="1" size="13" />
	<house name="Paupers Palace, Flat 34" houseid="52" entryx="32906" entryy="32095" entryz="4" rent="1675" townid="1" size="29" />
	<house name="Salvation Street 1 (Shop)" houseid="53" entryx="32929" entryy="32096" entryz="6" rent="6240" townid="1" size="110" />
	<house name="Salvation Street 2" houseid="54" entryx="32967" entryy="32096" entryz="6" rent="3790" townid="1" size="75" />
	<house name="Salvation Street 3" houseid="55" entryx="32972" entryy="32096" entryz="6" rent="3790" townid="1" size="75" />
	<house name="Seagull Walk 1" houseid="56" entryx="32918" entryy="32052" entryz="6" rent="5095" townid="1" size="100" />
	<house name="Seagull Walk 2" houseid="57" entryx="32915" entryy="32037" entryz="6" rent="2765" townid="1" size="46" />
	<house name="Silver Street 1" houseid="58" entryx="32998" entryy="32109" entryz="6" rent="2565" townid="1" size="52" />
	<house name="Silver Street 2" houseid="59" entryx="32998" entryy="32088" entryz="6" rent="1980" townid="1" size="39" />
	<house name="Silver Street 3" houseid="60" entryx="32998" entryy="32084" entryz="6" rent="1980" townid="1" size="39" />
	<house name="Silver Street 4" houseid="61" entryx="32997" entryy="32077" entryz="6" rent="3295" townid="1" size="62" />
	<house name="Steel Home" houseid="62" entryx="32929" entryy="32125" entryz="6" rent="13845" guildhall="true" townid="1" size="215" />
	<house name="Swamp Watch" houseid="63" entryx="32958" entryy="32119" entryz="6" rent="11090" townid="1" size="128" />
	<house name="Alai Flats, Flat 01" houseid="64" entryx="32377" entryy="32256" entryz="7" rent="765" townid="2" size="13" />
	<house name="Alai Flats, Flat 02" houseid="65" entryx="32382" entryy="32256" entryz="7" rent="765" townid="2" size="13" />
	<house name="Alai Flats, Flat 03" houseid="66" entryx="32374" entryy="32264" entryz="7" rent="765" townid="2" size="13" />
	<house name="Alai Flats, Flat 04" houseid="67" entryx="32386" entryy="32261" entryz="7" rent="765" townid="2" size="13" />
	<house name="Alai Flats, Flat 05" houseid="68" entryx="32386" entryy="32268" entryz="7" rent="1225" townid="2" size="19" />
	<house name="Alai Flats, Flat 06" houseid="69" entryx="32386" entryy="32268" entryz="7" rent="1225" townid="2" size="18" />
	<house name="Alai Flats, Flat 07" houseid="70" entryx="32382" entryy="32268" entryz="7" rent="765" townid="2" size="13" />
	<house name="Alai Flats, Flat 08" houseid="71" entryx="32377" entryy="32268" entryz="7" rent="765" townid="2" size="13" />
	<house name="Alai Flats, Flat 11" houseid="72" entryx="32382" entryy="32256" entryz="6" rent="765" townid="2" size="13" />
	<house name="Alai Flats, Flat 12" houseid="73" entryx="32377" entryy="32256" entryz="6" rent="765" townid="2" size="13" />
	<house name="Alai Flats, Flat 13" houseid="74" entryx="32377" entryy="32268" entryz="6" rent="765" townid="2" size="13" />
	<house name="Alai Flats, Flat 14" houseid="75" entryx="32386" entryy="32261" entryz="6" rent="900" townid="2" size="15" />
	<house name="Alai Flats, Flat 15" houseid="76" entryx="32386" entryy="32268" entryz="6" rent="1450" townid="2" size="23" />
	<house name="Alai Flats, Flat 16" houseid="77" entryx="32386" entryy="32268" entryz="6" rent="1450" townid="2" size="22" />
	<house name="Alai Flats, Flat 17" houseid="78" entryx="32382" entryy="32268" entryz="6" rent="900" townid="2" size="16" />
	<house name="Alai Flats, Flat 18" houseid="79" entryx="32377" entryy="32268" entryz="6" rent="900" townid="2" size="15" />
	<house name="Alai Flats, Flat 21" houseid="80" entryx="32382" entryy="32256" entryz="5" rent="765" townid="2" size="13" />
	<house name="Alai Flats, Flat 22" houseid="81" entryx="32377" entryy="32256" entryz="5" rent="765" townid="2" size="13" />
	<house name="Alai Flats, Flat 23" houseid="82" entryx="32377" entryy="32268" entryz="5" rent="765" townid="2" size="13" />
	<house name="Alai Flats, Flat 24" houseid="83" entryx="32386" entryy="32261" entryz="5" rent="900" townid="2" size="15" />
	<house name="Alai Flats, Flat 25" houseid="84" entryx="32386" entryy="32268" entryz="5" rent="1450" townid="2" size="22" />
	<house name="Alai Flats, Flat 26" houseid="85" entryx="32386" entryy="32268" entryz="5" rent="1450" townid="2" size="22" />
	<house name="Alai Flats, Flat 27" houseid="86" entryx="32382" entryy="32268" entryz="5" rent="900" townid="2" size="16" />
	<house name="Alai Flats, Flat 28" houseid="87" entryx="32377" entryy="32268" entryz="5" rent="900" townid="2" size="16" />
	<house name="Beach Home Apartments, Flat 01" houseid="88" entryx="32314" entryy="32245" entryz="7" rent="2200" townid="2" size="10" />
	<house name="Beach Home Apartments, Flat 02" houseid="89" entryx="32314" entryy="32240" entryz="7" rent="2200" townid="2" size="10" />
	<house name="Beach Home Apartments, Flat 03" houseid="90" entryx="32317" entryy="32235" entryz="7" rent="2300" townid="2" size="10" />
	<house name="Beach Home Apartments, Flat 04" houseid="91" entryx="32313" entryy="32235" entryz="7" rent="3300" townid="2" size="10" />
	<house name="Beach Home Apartments, Flat 05" houseid="92" entryx="32309" entryy="32235" entryz="7" rent="715" townid="2" size="10" />
	<house name="Beach Home Apartments, Flat 06" houseid="93" entryx="32309" entryy="32243" entryz="7" rent="1145" townid="2" size="14" />
	<house name="Beach Home Apartments, Flat 11" houseid="94" entryx="32314" entryy="32243" entryz="6" rent="715" townid="2" size="10" />
	<house name="Beach Home Apartments, Flat 12" houseid="95" entryx="32314" entryy="32238" entryz="6" rent="880" townid="2" size="13" />
	<house name="Beach Home Apartments, Flat 13" houseid="96" entryx="32314" entryy="32234" entryz="6" rent="880" townid="2" size="13" />
	<house name="Beach Home Apartments, Flat 14" houseid="97" entryx="32312" entryy="32234" entryz="6" rent="385" townid="2" size="4" />
	<house name="Beach Home Apartments, Flat 15" houseid="98" entryx="32309" entryy="32234" entryz="6" rent="385" townid="2" size="4" />
	<house name="Beach Home Apartments, Flat 16" houseid="99" entryx="32303" entryy="32244" entryz="6" rent="1145" townid="2" size="13" />
	<house name="Bloodhall" houseid="100" entryx="32643" entryy="32025" entryz="7" rent="15270" guildhall="true" townid="2" size="307" />
	<house name="Castle of Greenshore" houseid="101" entryx="32290" entryy="32070" entryz="7" rent="18860" guildhall="true" townid="2" size="245" />
	<house name="Dark Mansion" houseid="102" entryx="32397" entryy="32155" entryz="7" rent="17845" guildhall="true" townid="2" size="279" />
	<house name="Demon Tower" houseid="103" entryx="32601" entryy="32116" entryz="7" rent="3340" townid="2" size="50" />
	<house name="Farm Lane, 1st floor" houseid="104" entryx="32382" entryy="32232" entryz="7" rent="4000" townid="2" size="16" />
	<house name="Farm Lane, 2nd Floor (Shop)" houseid="105" entryx="32382" entryy="32233" entryz="6" rent="945" townid="2" size="16" />
	<house name="Farm Lane, Basement (Shop)" houseid="106" entryx="32382" entryy="32231" entryz="8" rent="945" townid="2" size="16" />
	<house name="Fibula Clanhall" houseid="107" entryx="32178" entryy="32373" entryz="7" rent="11430" guildhall="true" townid="2" size="127" />
	<house name="Fibula Village 1" houseid="108" entryx="32176" entryy="32433" entryz="7" rent="845" townid="2" size="10" />
	<house name="Fibula Village 2" houseid="109" entryx="32184" entryy="32433" entryz="7" rent="845" townid="2" size="10" />
	<house name="Fibula Village 3" houseid="110" entryx="32196" entryy="32438" entryz="7" rent="3810" townid="2" size="41" />
	<house name="Fibula Village 4" houseid="111" entryx="32175" entryy="32440" entryz="7" rent="1790" townid="2" size="21" />
	<house name="Fibula Village 5" houseid="112" entryx="32171" entryy="32440" entryz="7" rent="1790" townid="2" size="20" />
	<house name="Fibula Village, Bar" houseid="113" entryx="32151" entryy="32399" entryz="7" rent="5235" townid="2" size="66" />
	<house name="Fibula Village, Tower Flat" houseid="114" entryx="32159" entryy="32439" entryz="7" rent="5105" townid="2" size="71" />
	<house name="Fibula Village, Villa" houseid="115" entryx="32140" entryy="32374" entryz="7" rent="11490" townid="2" size="185" />
	<house name="Greenshore Clanhall" houseid="116" entryx="32278" entryy="32069" entryz="7" rent="10800" guildhall="true" townid="2" size="126" />
	<house name="Greenshore Village 1" houseid="117" entryx="32274" entryy="32062" entryz="7" rent="2420" townid="2" size="29" />
	<house name="Greenshore Village 2" houseid="118" entryx="32264" entryy="32042" entryz="7" rent="780" townid="2" size="9" />
	<house name="Greenshore Village 3" houseid="119" entryx="32259" entryy="32042" entryz="7" rent="780" townid="2" size="9" />
	<house name="Greenshore Village 4" houseid="120" entryx="32259" entryy="32041" entryz="7" rent="780" townid="2" size="9" />
	<house name="Greenshore Village 5" houseid="121" entryx="32264" entryy="32041" entryz="7" rent="780" townid="2" size="9" />
	<house name="Greenshore Village 6" houseid="122" entryx="32258" entryy="32041" entryz="6" rent="4360" townid="2" size="58" />
	<house name="Greenshore Village 7" houseid="123" entryx="32266" entryy="32032" entryz="7" rent="1260" townid="2" size="17" />
	<house name="Greenshore Village, Shop" houseid="124" entryx="32278" entryy="32052" entryz="7" rent="1800" townid="2" size="20" />
	<house name="Greenshore Village, Villa" houseid="125" entryx="32276" entryy="32045" entryz="7" rent="8700" townid="2" size="112" />
	<house name="Guildhall of the Red Rose" houseid="126" entryx="32180" entryy="32427" entryz="7" rent="27725" guildhall="true" townid="2" size="329" />
	<house name="Halls of the Adventurers" houseid="127" entryx="32397" entryy="32042" entryz="7" rent="15380" guildhall="true" townid="2" size="239" />
	<house name="Harbour Place 1" houseid="128" entryx="32336" entryy="32222" entryz="7" rent="3000" townid="2" size="16" />
	<house name="Harbour Place 2" houseid="129" entryx="32336" entryy="32210" entryz="7" rent="3500" townid="2" size="18" />
	<house name="Harbour Street 4" houseid="130" entryx="32332" entryy="32257" entryz="7" rent="935" townid="2" size="13" />
	<house name="Lower Swamp Lane 1" houseid="131" entryx="32356" entryy="32262" entryz="7" rent="4740" townid="2" size="56" />
	<house name="Lower Swamp Lane 3" houseid="132" entryx="32368" entryy="32262" entryz="7" rent="4740" townid="2" size="56" />
	<house name="Main Street 9, 1st floor" houseid="133" entryx="32377" entryy="32224" entryz="7" rent="4500" townid="2" size="24" />
	<house name="Main Street 9a, 2nd floor (Shop)" houseid="134" entryx="32377" entryy="32222" entryz="6" rent="765" townid="2" size="11" />
	<house name="Main Street 9b, 2nd floor (Shop)" houseid="135" entryx="32377" entryy="32224" entryz="6" rent="1260" townid="2" size="22" />
	<house name="Mercenary Tower" houseid="136" entryx="32208" entryy="32437" entryz="7" rent="41955" guildhall="true" townid="2" size="508" />
	<house name="Mill Avenue 1 (Shop)" houseid="137" entryx="32398" entryy="32181" entryz="7" rent="1300" townid="2" size="17" />
	<house name="Mill Avenue 2 (Shop)" houseid="138" entryx="32404" entryy="32181" entryz="7" rent="2350" townid="2" size="34" />
	<house name="Mill Avenue 3" houseid="139" entryx="32410" entryy="32184" entryz="7" rent="1400" townid="2" size="21" />
	<house name="Mill Avenue 4" houseid="140" entryx="32413" entryy="32189" entryz="6" rent="1400" townid="2" size="20" />
	<house name="Mill Avenue 5" houseid="141" entryx="32422" entryy="32178" entryz="7" rent="3250" townid="2" size="46" />
	<house name="Snake Tower" houseid="142" entryx="32435" entryy="32359" entryz="7" rent="29720" guildhall="true" townid="2" size="409" />
	<house name="Sorcerer's Avenue 1a" houseid="143" entryx="32300" entryy="32254" entryz="7" rent="1255" townid="2" size="15" />
	<house name="Sorcerer's Avenue 1b" houseid="144" entryx="32300" entryy="32251" entryz="6" rent="1035" townid="2" size="12" />
	<house name="Sorcerer's Avenue 1c" houseid="145" entryx="32300" entryy="32249" entryz="6" rent="1255" townid="2" size="15" />
	<house name="Sorcerer's Avenue 5" houseid="146" entryx="32284" entryy="32256" entryz="7" rent="2965" townid="2" size="41" />
	<house name="Sorcerer's Avenue Labs 2a" houseid="147" entryx="32297" entryy="32273" entryz="8" rent="715" townid="2" size="6" />
	<house name="Sorcerer's Avenue Labs 2b" houseid="148" entryx="32293" entryy="32273" entryz="8" rent="715" townid="2" size="6" />
	<house name="Sorcerer's Avenue Labs 2c" houseid="149" entryx="32305" entryy="32274" entryz="8" rent="715" townid="2" size="6" />
	<house name="Sorcerer's Avenue Labs 2d" houseid="150" entryx="32301" entryy="32274" entryz="8" rent="715" townid="2" size="6" />
	<house name="Sorcerer's Avenue Labs 2e" houseid="151" entryx="32297" entryy="32274" entryz="8" rent="715" townid="2" size="6" />
	<house name="Sorcerer's Avenue Labs 2f" houseid="152" entryx="32293" entryy="32274" entryz="8" rent="715" townid="2" size="6" />
	<house name="Southern Thais Guildhall" houseid="153" entryx="32401" entryy="32254" entryz="7" rent="22440" guildhall="true" townid="2" size="267" />
	<house name="Spiritkeep" houseid="154" entryx="32265" entryy="32316" entryz="7" rent="19210" guildhall="true" townid="2" size="295" />
	<house name="Sunset Homes, Flat 01" houseid="155" entryx="32333" entryy="32232" entryz="7" rent="2000" townid="2" size="10" />
	<house name="Sunset Homes, Flat 02" houseid="156" entryx="32333" entryy="32237" entryz="7" rent="2000" townid="2" size="10" />
	<house name="Sunset Homes, Flat 03" houseid="157" entryx="32334" entryy="32244" entryz="7" rent="2000" townid="2" size="10" />
	<house name="Sunset Homes, Flat 11" houseid="158" entryx="32333" entryy="32232" entryz="6" rent="520" townid="2" size="10" />
	<house name="Sunset Homes, Flat 12" houseid="159" entryx="32333" entryy="32237" entryz="6" rent="520" townid="2" size="10" />
	<house name="Sunset Homes, Flat 13" houseid="160" entryx="32334" entryy="32244" entryz="6" rent="860" townid="2" size="13" />
	<house name="Sunset Homes, Flat 14" houseid="161" entryx="32334" entryy="32249" entryz="6" rent="520" townid="2" size="10" />
	<house name="Sunset Homes, Flat 21" houseid="162" entryx="32333" entryy="32232" entryz="5" rent="520" townid="2" size="10" />
	<house name="Sunset Homes, Flat 22" houseid="163" entryx="32333" entryy="32237" entryz="5" rent="520" townid="2" size="10" />
	<house name="Sunset Homes, Flat 23" houseid="164" entryx="32334" entryy="32244" entryz="5" rent="860" townid="2" size="13" />
	<house name="Sunset Homes, Flat 24" houseid="165" entryx="32334" entryy="32249" entryz="5" rent="520" townid="2" size="10" />
	<house name="Thais Clanhall" houseid="167" entryx="32326" entryy="32272" entryz="7" rent="8420" guildhall="true" townid="2" size="144" />
	<house name="Thais Hostel" houseid="168" entryx="32333" entryy="32255" entryz="6" rent="6980" townid="2" size="62" />
	<house name="The City Wall 1a" houseid="169" entryx="32422" entryy="32189" entryz="7" rent="1270" townid="2" size="20" />
	<house name="The City Wall 1b" houseid="170" entryx="32422" entryy="32189" entryz="6" rent="1270" townid="2" size="20" />
	<house name="The City Wall 3a" houseid="171" entryx="32423" entryy="32208" entryz="7" rent="1045" townid="2" size="15" />
	<house name="The City Wall 3b" houseid="172" entryx="32423" entryy="32203" entryz="7" rent="1045" townid="2" size="15" />
	<house name="The City Wall 3c" houseid="173" entryx="32423" entryy="32198" entryz="7" rent="1045" townid="2" size="15" />
	<house name="The City Wall 3d" houseid="174" entryx="32423" entryy="32208" entryz="6" rent="1045" townid="2" size="15" />
	<house name="The City Wall 3e" houseid="175" entryx="32423" entryy="32203" entryz="6" rent="1045" townid="2" size="15" />
	<house name="The City Wall 3f" houseid="176" entryx="32423" entryy="32198" entryz="6" rent="1045" townid="2" size="15" />
	<house name="The City Wall 5b" houseid="177" entryx="32416" entryy="32220" entryz="6" rent="585" townid="2" size="10" />
	<house name="The City Wall 5d" houseid="178" entryx="32416" entryy="32223" entryz="6" rent="585" townid="2" size="10" />
	<house name="The City Wall 5f" houseid="179" entryx="32416" entryy="32226" entryz="6" rent="585" townid="2" size="10" />
	<house name="The City Wall 7b" houseid="180" entryx="32419" entryy="32237" entryz="6" rent="585" townid="2" size="10" />
	<house name="The City Wall 7d" houseid="181" entryx="32413" entryy="32237" entryz="6" rent="865" townid="2" size="12" />
	<house name="The City Wall 7f" houseid="182" entryx="32413" entryy="32238" entryz="6" rent="865" townid="2" size="12" />
	<house name="The City Wall 7h" houseid="183" entryx="32419" entryy="32238" entryz="6" rent="585" townid="2" size="10" />
	<house name="The City Wall 9" houseid="184" entryx="32419" entryy="32247" entryz="7" rent="955" townid="2" size="14" />
	<house name="The Tibianic" houseid="185" entryx="32277" entryy="32011" entryz="5" rent="34500" guildhall="true" townid="2" size="435" />
	<house name="Upper Swamp Lane 10" houseid="186" entryx="32412" entryy="32256" entryz="7" rent="2060" townid="2" size="24" />
	<house name="Upper Swamp Lane 12" houseid="188" entryx="32419" entryy="32256" entryz="7" rent="3800" townid="2" size="43" />
	<house name="Upper Swamp Lane 2" houseid="189" entryx="32348" entryy="32252" entryz="7" rent="4740" townid="2" size="56" />
	<house name="Upper Swamp Lane 4" houseid="190" entryx="32360" entryy="32252" entryz="7" rent="4740" townid="2" size="56" />
	<house name="Upper Swamp Lane 8" houseid="191" entryx="32398" entryy="32256" entryz="7" rent="8120" townid="2" size="120" />
	<house name="Warriors Guildhall" houseid="192" entryx="32348" entryy="32213" entryz="7" rent="14725" guildhall="true" townid="2" size="257" />
	<house name="The City Wall 5a" houseid="194" entryx="32416" entryy="32220" entryz="7" rent="585" townid="2" size="10" />
	<house name="The City Wall 5c" houseid="195" entryx="32416" entryy="32223" entryz="7" rent="585" townid="2" size="10" />
	<house name="The City Wall 5e" houseid="196" entryx="32416" entryy="32226" entryz="7" rent="585" townid="2" size="10" />
	<house name="The City Wall 7a" houseid="197" entryx="32419" entryy="32237" entryz="7" rent="585" townid="2" size="10" />
	<house name="The City Wall 7c" houseid="198" entryx="32413" entryy="32237" entryz="7" rent="865" townid="2" size="12" />
	<house name="The City Wall 7e" houseid="199" entryx="32413" entryy="32238" entryz="7" rent="865" townid="2" size="12" />
	<house name="The City Wall 7g" houseid="200" entryx="32419" entryy="32238" entryz="7" rent="585" townid="2" size="10" />
	<house name="Arakmehn I" houseid="206" entryx="33136" entryy="32777" entryz="7" rent="2200" townid="9" size="21" />
	<house name="Arakmehn II" houseid="207" entryx="33146" entryy="32777" entryz="7" rent="2200" townid="9" size="21" />
	<house name="Arakmehn III" houseid="208" entryx="33159" entryy="32777" entryz="7" rent="2000" townid="9" size="20" />
	<house name="Arakmehn IV" houseid="209" entryx="33176" entryy="32778" entryz="7" rent="2300" townid="9" size="22" />
	<house name="Botham I a" houseid="210" entryx="33198" entryy="32831" entryz="5" rent="1500" townid="9" size="15" />
	<house name="Botham I b" houseid="211" entryx="33195" entryy="32835" entryz="6" rent="4700" townid="9" size="46" />
	<house name="Botham I c" houseid="212" entryx="33188" entryy="32830" entryz="7" rent="2600" townid="9" size="26" />
	<house name="Botham I d" houseid="213" entryx="33199" entryy="32837" entryz="7" rent="4900" townid="9" size="49" />
	<house name="Botham I e" houseid="214" entryx="33192" entryy="32837" entryz="7" rent="2500" townid="9" size="25" />
	<house name="Botham II a" houseid="215" entryx="33214" entryy="32853" entryz="5" rent="1300" townid="9" size="13" />
	<house name="Botham II b" houseid="216" entryx="33221" entryy="32851" entryz="6" rent="2400" townid="9" size="24" />
	<house name="Botham II c" houseid="217" entryx="33217" entryy="32857" entryz="6" rent="1700" townid="9" size="16" />
	<house name="Botham II d" houseid="218" entryx="33210" entryy="32849" entryz="7" rent="3100" townid="9" size="31" />
	<house name="Botham II e" houseid="219" entryx="33220" entryy="32846" entryz="7" rent="2500" townid="9" size="25" />
	<house name="Botham II f" houseid="220" entryx="33213" entryy="32859" entryz="7" rent="2500" townid="9" size="25" />
	<house name="Botham II g" houseid="221" entryx="33220" entryy="32859" entryz="7" rent="2000" townid="9" size="20" />
	<house name="Botham III a" houseid="222" entryx="33194" entryy="32871" entryz="5" rent="2000" townid="9" size="20" />
	<house name="Botham III b" houseid="223" entryx="33195" entryy="32866" entryz="6" rent="1200" townid="9" size="13" />
	<house name="Botham III c" houseid="224" entryx="33202" entryy="32869" entryz="6" rent="1300" townid="9" size="13" />
	<house name="Botham III d" houseid="225" entryx="33195" entryy="32876" entryz="6" rent="1300" townid="9" size="13" />
	<house name="Botham III e" houseid="226" entryx="33200" entryy="32876" entryz="6" rent="1300" townid="9" size="13" />
	<house name="Botham III f" houseid="227" entryx="33190" entryy="32867" entryz="7" rent="3500" townid="9" size="35" />
	<house name="Botham III g" houseid="228" entryx="33201" entryy="32864" entryz="7" rent="2500" townid="9" size="25" />
	<house name="Botham III h" houseid="229" entryx="33190" entryy="32875" entryz="7" rent="6300" townid="9" size="61" />
	<house name="Botham IV a" houseid="230" entryx="33175" entryy="32854" entryz="5" rent="2000" townid="9" size="20" />
	<house name="Botham IV b" houseid="231" entryx="33170" entryy="32855" entryz="6" rent="1300" townid="9" size="13" />
	<house name="Botham IV c" houseid="232" entryx="33180" entryy="32855" entryz="6" rent="1300" townid="9" size="13" />
	<house name="Botham IV d" houseid="233" entryx="33173" entryy="32862" entryz="6" rent="1300" townid="9" size="13" />
	<house name="Botham IV e" houseid="234" entryx="33180" entryy="32860" entryz="6" rent="1300" townid="9" size="13" />
	<house name="Botham IV f" houseid="235" entryx="33172" entryy="32850" entryz="7" rent="2600" townid="9" size="26" />
	<house name="Botham IV g" houseid="236" entryx="33179" entryy="32850" entryz="7" rent="2400" townid="9" size="24" />
	<house name="Botham IV h" houseid="237" entryx="33168" entryy="32861" entryz="7" rent="3300" townid="9" size="33" />
	<house name="Botham IV i" houseid="238" entryx="33180" entryy="32864" entryz="7" rent="2400" townid="9" size="24" />
	<house name="Chameken II" houseid="239" entryx="33120" entryy="32861" entryz="7" rent="1600" townid="9" size="14" />
	<house name="Chameken I" houseid="240" entryx="33098" entryy="32857" entryz="7" rent="1600" townid="9" size="13" />
	<house name="Charsirakh I a" houseid="243" entryx="33075" entryy="32816" entryz="6" rent="700" townid="9" size="4" />
	<house name="Charsirakh I b" houseid="244" entryx="33073" entryy="32819" entryz="7" rent="3700" townid="9" size="31" />
	<house name="Charsirakh II" houseid="245" entryx="33071" entryy="32830" entryz="7" rent="2600" townid="9" size="20" />
	<house name="Charsirakh III" houseid="246" entryx="33071" entryy="32843" entryz="7" rent="1700" townid="9" size="13" />
	<house name="Esuph I" houseid="247" entryx="33220" entryy="32800" entryz="7" rent="1700" townid="9" size="14" />
	<house name="Esuph II a" houseid="248" entryx="33226" entryy="32813" entryz="6" rent="700" townid="9" size="4" />
	<house name="Esuph II b" houseid="249" entryx="33223" entryy="32816" entryz="7" rent="3700" townid="9" size="25" />
	<house name="Esuph III a" houseid="250" entryx="33240" entryy="32820" entryz="6" rent="700" townid="9" size="4" />
	<house name="Esuph III b" houseid="251" entryx="33234" entryy="32819" entryz="7" rent="3100" townid="9" size="23" />
	<house name="Esuph IV a" houseid="252" entryx="33234" entryy="32832" entryz="6" rent="700" townid="9" size="7" />
	<house name="Esuph IV b" houseid="253" entryx="33230" entryy="32832" entryz="7" rent="1000" townid="9" size="7" />
	<house name="Esuph IV c" houseid="254" entryx="33238" entryy="32832" entryz="7" rent="1000" townid="9" size="7" />
	<house name="Esuph IV d" houseid="255" entryx="33236" entryy="32838" entryz="7" rent="2000" townid="9" size="16" />
	<house name="Murkhol I b" houseid="256" entryx="33085" entryy="32841" entryz="7" rent="1100" townid="9" size="8" />
	<house name="Mothrem I" houseid="257" entryx="33115" entryy="32781" entryz="7" rent="2600" townid="9" size="21" />
	<house name="Murkhol I a" houseid="258" entryx="33084" entryy="32839" entryz="7" rent="1100" townid="9" size="8" />
	<house name="Murkhol I c" houseid="259" entryx="33082" entryy="32841" entryz="7" rent="1100" townid="9" size="8" />
	<house name="Murkhol I d" houseid="260" entryx="33084" entryy="32842" entryz="7" rent="1100" townid="9" size="8" />
	<house name="Oskahl I a" houseid="261" entryx="33077" entryy="32864" entryz="5" rent="3700" townid="9" size="31" />
	<house name="Oskahl I b" houseid="263" entryx="33071" entryy="32858" entryz="6" rent="2100" townid="9" size="17" />
	<house name="Oskahl I c" houseid="264" entryx="33082" entryy="32858" entryz="6" rent="1700" townid="9" size="14" />
	<house name="Oskahl I d" houseid="265" entryx="33071" entryy="32863" entryz="6" rent="2600" townid="9" size="21" />
	<house name="Oskahl I e" houseid="266" entryx="33082" entryy="32863" entryz="6" rent="2100" townid="9" size="17" />
	<house name="Oskahl I f" houseid="267" entryx="33077" entryy="32857" entryz="7" rent="3900" townid="9" size="29" />
	<house name="Oskahl I g" houseid="268" entryx="33075" entryy="32860" entryz="7" rent="2600" townid="9" size="20" />
	<house name="Oskahl I h" houseid="269" entryx="33079" entryy="32860" entryz="7" rent="2100" townid="9" size="17" />
	<house name="Oskahl I i" houseid="270" entryx="33075" entryy="32865" entryz="7" rent="2100" townid="9" size="17" />
	<house name="Oskahl I j" houseid="271" entryx="33079" entryy="32865" entryz="7" rent="1700" townid="9" size="13" />
	<house name="Othehothep I a" houseid="272" entryx="33089" entryy="32804" entryz="5" rent="700" townid="9" size="5" />
	<house name="Othehothep I b" houseid="273" entryx="33088" entryy="32798" entryz="6" rent="3700" townid="9" size="27" />
	<house name="Othehothep I c" houseid="274" entryx="33094" entryy="32799" entryz="7" rent="3800" townid="9" size="30" />
	<house name="Othehothep I d" houseid="275" entryx="33089" entryy="32807" entryz="7" rent="4300" townid="9" size="31" />
	<house name="Othehothep II a" houseid="276" entryx="33110" entryy="32797" entryz="5" rent="700" townid="9" size="7" />
	<house name="Othehothep II b" houseid="277" entryx="33108" entryy="32801" entryz="6" rent="4300" townid="9" size="34" />
	<house name="Othehothep II c" houseid="278" entryx="33102" entryy="32794" entryz="7" rent="2100" townid="9" size="17" />
	<house name="Othehothep II d" houseid="279" entryx="33114" entryy="32794" entryz="7" rent="2100" townid="9" size="17" />
	<house name="Othehothep II e" houseid="280" entryx="33105" entryy="32803" entryz="7" rent="3100" townid="9" size="25" />
	<house name="Othehothep II f" houseid="281" entryx="33111" entryy="32803" entryz="7" rent="3100" townid="9" size="25" />
	<house name="Othehothep III a" houseid="282" entryx="33130" entryy="32793" entryz="5" rent="700" townid="9" size="4" />
	<house name="Othehothep III b" houseid="283" entryx="33124" entryy="32794" entryz="6" rent="3100" townid="9" size="24" />
	<house name="Othehothep III c" houseid="284" entryx="33122" entryy="32790" entryz="7" rent="2100" townid="9" size="16" />
	<house name="Othehothep III d" houseid="285" entryx="33131" entryy="32787" entryz="7" rent="2600" townid="9" size="24" />
	<house name="Othehothep III e" houseid="286" entryx="33126" entryy="32798" entryz="7" rent="2100" townid="9" size="17" />
	<house name="Othehothep III f" houseid="287" entryx="33131" entryy="32798" entryz="7" rent="1700" townid="9" size="13" />
	<house name="Rathal I a" houseid="288" entryx="33187" entryy="32786" entryz="6" rent="2600" townid="9" size="21" />
	<house name="Rathal I b" houseid="289" entryx="33182" entryy="32787" entryz="7" rent="1700" townid="9" size="14" />
	<house name="Rathal I c" houseid="290" entryx="33192" entryy="32787" entryz="7" rent="1700" townid="9" size="14" />
	<house name="Rathal I d" houseid="291" entryx="33185" entryy="32794" entryz="7" rent="1700" townid="9" size="12" />
	<house name="Rathal I e" houseid="292" entryx="33190" entryy="32794" entryz="7" rent="1700" townid="9" size="11" />
	<house name="Rathal II a" houseid="293" entryx="33209" entryy="32793" entryz="6" rent="2600" townid="9" size="23" />
	<house name="Rathal II b" houseid="294" entryx="33201" entryy="32790" entryz="7" rent="1700" townid="9" size="13" />
	<house name="Rathal II c" houseid="295" entryx="33211" entryy="32790" entryz="7" rent="1700" townid="9" size="14" />
	<house name="Rathal II d" houseid="296" entryx="33207" entryy="32797" entryz="7" rent="3400" townid="9" size="27" />
	<house name="Thanah I a" houseid="297" entryx="33109" entryy="32821" entryz="5" rent="1700" townid="9" size="14" />
	<house name="Thanah I b" houseid="298" entryx="33113" entryy="32821" entryz="6" rent="5600" townid="9" size="46" />
	<house name="Thanah I c" houseid="299" entryx="33109" entryy="32812" entryz="7" rent="6100" townid="9" size="50" />
	<house name="Thanah I d" houseid="300" entryx="33109" entryy="32825" entryz="7" rent="5200" townid="9" size="39" />
	<house name="Thanah II a" houseid="301" entryx="33106" entryy="32840" entryz="5" rent="1700" townid="9" size="13" />
	<house name="Thanah II b" houseid="302" entryx="33102" entryy="32837" entryz="6" rent="900" townid="9" size="8" />
	<house name="Thanah II c" houseid="303" entryx="33105" entryy="32837" entryz="6" rent="900" townid="9" size="6" />
	<house name="Thanah II d" houseid="305" entryx="33102" entryy="32843" entryz="6" rent="700" townid="9" size="4" />
	<house name="Thanah II e" houseid="306" entryx="33105" entryy="32843" entryz="6" rent="700" townid="9" size="4" />
	<house name="Thanah II f" houseid="307" entryx="33105" entryy="32839" entryz="7" rent="5300" townid="9" size="41" />
	<house name="Thanah II g" houseid="308" entryx="33103" entryy="32841" entryz="7" rent="3100" townid="9" size="25" />
	<house name="Thanah II h" houseid="309" entryx="33106" entryy="32841" entryz="7" rent="2600" townid="9" size="19" />
	<house name="Unklath I a" houseid="311" entryx="33152" entryy="32792" entryz="5" rent="2600" townid="9" size="20" />
	<house name="Unklath I b" houseid="312" entryx="33150" entryy="32786" entryz="6" rent="3400" townid="9" size="28" />
	<house name="Unklath I c" houseid="313" entryx="33144" entryy="32794" entryz="6" rent="3400" townid="9" size="27" />
	<house name="Unklath I d" houseid="314" entryx="33142" entryy="32787" entryz="7" rent="3700" townid="9" size="29" />
	<house name="Unklath I e" houseid="315" entryx="33156" entryy="32788" entryz="7" rent="3700" townid="9" size="32" />
	<house name="Unklath I f" houseid="316" entryx="33146" entryy="32798" entryz="7" rent="3700" townid="9" size="31" />
	<house name="Unklath I g" houseid="317" entryx="33153" entryy="32798" entryz="7" rent="3700" townid="9" size="33" />
	<house name="Unklath II a" houseid="318" entryx="33170" entryy="32790" entryz="6" rent="2600" townid="9" size="22" />
	<house name="Unklath II b" houseid="319" entryx="33165" entryy="32791" entryz="7" rent="1700" townid="9" size="13" />
	<house name="Unklath II c" houseid="320" entryx="33175" entryy="32791" entryz="7" rent="1700" townid="9" size="14" />
	<house name="Unklath II d" houseid="321" entryx="33170" entryy="32798" entryz="7" rent="3700" townid="9" size="31" />
	<house name="Uthemath I a" houseid="322" entryx="33188" entryy="32811" entryz="5" rent="1000" townid="9" size="7" />
	<house name="Uthemath I b" houseid="323" entryx="33184" entryy="32811" entryz="6" rent="2000" townid="9" size="16" />
	<house name="Uthemath I c" houseid="324" entryx="33192" entryy="32811" entryz="6" rent="2000" townid="9" size="14" />
	<house name="Uthemath I d" houseid="325" entryx="33182" entryy="32806" entryz="7" rent="2100" townid="9" size="17" />
	<house name="Uthemath I e" houseid="326" entryx="33194" entryy="32806" entryz="7" rent="2100" townid="9" size="16" />
	<house name="Uthemath I f" houseid="327" entryx="33189" entryy="32815" entryz="7" rent="5100" townid="9" size="45" />
	<house name="Thrarhor I a (Shop)" houseid="328" entryx="33127" entryy="32811" entryz="7" rent="2100" townid="9" size="11" />
	<house name="Thrarhor I b (Shop)" houseid="329" entryx="33133" entryy="32811" entryz="7" rent="2100" townid="9" size="11" />
	<house name="Thrarhor I c (Shop)" houseid="330" entryx="33127" entryy="32819" entryz="7" rent="2100" townid="9" size="11" />
	<house name="Thrarhor I d (Shop)" houseid="331" entryx="33133" entryy="32819" entryz="7" rent="2100" townid="9" size="11" />
	<house name="Central Plaza 1" houseid="332" entryx="32346" entryy="31812" entryz="7" rent="900" townid="4" size="9" />
	<house name="Central Plaza 2" houseid="333" entryx="32346" entryy="31806" entryz="7" rent="900" townid="4" size="9" />
	<house name="Central Plaza 3" houseid="334" entryx="32346" entryy="31800" entryz="7" rent="900" townid="4" size="9" />
	<house name="Druids Retreat A" houseid="335" entryx="32277" entryy="31728" entryz="7" rent="3300" townid="4" size="26" />
	<house name="Druids Retreat B" houseid="336" entryx="32272" entryy="31766" entryz="7" rent="2900" townid="4" size="24" />
	<house name="Druids Retreat C" houseid="337" entryx="32283" entryy="31766" entryz="7" rent="2200" townid="4" size="17" />
	<house name="Druids Retreat D" houseid="338" entryx="32325" entryy="31724" entryz="7" rent="2200" townid="4" size="22" />
	<house name="East Lane 1a" houseid="339" entryx="32393" entryy="31797" entryz="7" rent="5400" townid="4" size="47" />
	<house name="East Lane 1b" houseid="340" entryx="32395" entryy="31801" entryz="6" rent="4000" townid="4" size="34" />
	<house name="East Lane 2" houseid="341" entryx="32400" entryy="31798" entryz="7" rent="11000" townid="4" size="85" />
	<house name="Harrah I" houseid="342" entryx="33088" entryy="32826" entryz="7" rent="12100" guildhall="true" townid="9" size="96" />
	<house name="Horakhal" houseid="343" entryx="33217" entryy="32835" entryz="6" rent="20300" guildhall="true" townid="9" size="166" />
	<house name="Uthemath II" houseid="344" entryx="33174" entryy="32842" entryz="7" rent="9400" guildhall="true" townid="9" size="82" />
	<house name="Ramen Tah" houseid="345" entryx="33174" entryy="32842" entryz="7" rent="12400" guildhall="true" townid="9" size="82" />
	<house name="Harbour Flats, Flat 11" houseid="346" entryx="32378" entryy="31835" entryz="6" rent="1300" townid="4" size="10" />
	<house name="Harbour Flats, Flat 12" houseid="347" entryx="32382" entryy="31835" entryz="6" rent="1300" townid="4" size="10" />
	<house name="" houseid="353" entryx="0" entryy="0" entryz="0" rent="0" townid="0" size="0" />
	<house name="" houseid="355" entryx="0" entryy="0" entryz="0" rent="0" townid="0" size="0" />
	<house name="" houseid="358" entryx="0" entryy="0" entryz="0" rent="0" townid="0" size="0" />
	<house name="" houseid="360" entryx="0" entryy="0" entryz="0" rent="0" townid="0" size="76" />
	<house name="" houseid="361" entryx="0" entryy="0" entryz="0" rent="0" townid="0" size="216" />
	<house name="Harbour Flats, Flat 13" houseid="375" entryx="32386" entryy="31835" entryz="6" rent="900" townid="4" size="6" />
	<house name="Harbour Flats, Flat 14" houseid="376" entryx="32389" entryy="31835" entryz="6" rent="900" townid="4" size="6" />
	<house name="Harbour Flats, Flat 15" houseid="377" entryx="32376" entryy="31841" entryz="6" rent="1000" townid="4" size="7" />
	<house name="Harbour Flats, Flat 16" houseid="378" entryx="32380" entryy="31841" entryz="6" rent="1000" townid="4" size="7" />
	<house name="Harbour Flats, Flat 17" houseid="379" entryx="32384" entryy="31841" entryz="6" rent="1000" townid="4" size="7" />
	<house name="Harbour Flats, Flat 18" houseid="380" entryx="32388" entryy="31841" entryz="6" rent="1000" townid="4" size="7" />
	<house name="Harbour Flats, Flat 21" houseid="381" entryx="32381" entryy="31834" entryz="5" rent="1900" townid="4" size="13" />
	<house name="Harbour Flats, Flat 22" houseid="382" entryx="32385" entryy="31834" entryz="5" rent="2200" townid="4" size="16" />
	<house name="Harbour Flats, Flat 23" houseid="383" entryx="32386" entryy="31843" entryz="5" rent="1000" townid="4" size="7" />
	<house name="Harbour Lane 1 (Shop)" houseid="384" entryx="32365" entryy="31799" entryz="6" rent="2600" townid="4" size="19" />
	<house name="Harbour Lane 2a (Shop)" houseid="385" entryx="32380" entryy="31808" entryz="7" rent="1700" townid="4" size="13" />
	<house name="Harbour Lane 2b (Shop)" houseid="386" entryx="32383" entryy="31808" entryz="7" rent="1700" townid="4" size="13" />
	<house name="Lonely Sea Side Hostel" houseid="387" entryx="32307" entryy="31819" entryz="7" rent="26100" townid="4" size="163" />
	<house name="Magician's Alley 1" houseid="388" entryx="32307" entryy="31800" entryz="7" rent="1900" townid="4" size="14" />
	<house name="Magician's Alley 1a" houseid="389" entryx="32310" entryy="31795" entryz="6" rent="1300" townid="4" size="8" />
	<house name="Magician's Alley 1b" houseid="390" entryx="32310" entryy="31798" entryz="6" rent="1200" townid="4" size="7" />
	<house name="Magician's Alley 1c" houseid="391" entryx="32312" entryy="31795" entryz="6" rent="1000" townid="4" size="7" />
	<house name="Magician's Alley 1d" houseid="392" entryx="32312" entryy="31798" entryz="6" rent="900" townid="4" size="6" />
	<house name="Magician's Alley 4" houseid="393" entryx="32317" entryy="31821" entryz="7" rent="4900" townid="4" size="39" />
	<house name="Magician's Alley 5a" houseid="394" entryx="32324" entryy="31803" entryz="7" rent="700" townid="4" size="4" />
	<house name="Magician's Alley 5b" houseid="395" entryx="32327" entryy="31803" entryz="7" rent="1000" townid="4" size="7" />
	<house name="Magician's Alley 5c" houseid="396" entryx="32324" entryy="31805" entryz="7" rent="1000" townid="4" size="7" />
	<house name="Magician's Alley 5d" houseid="397" entryx="32327" entryy="31805" entryz="7" rent="1000" townid="4" size="7" />
	<house name="Magician's Alley 5e" houseid="398" entryx="32323" entryy="31802" entryz="6" rent="2100" townid="4" size="15" />
	<house name="Magician's Alley 5f" houseid="399" entryx="32323" entryy="31807" entryz="6" rent="2100" townid="4" size="15" />
	<house name="Magician's Alley 8" houseid="400" entryx="32331" entryy="31820" entryz="7" rent="2600" townid="4" size="20" />
	<house name="Nautic Observer" houseid="401" entryx="32483" entryy="31824" entryz="7" rent="15600" townid="4" size="145" />
	<house name="Northern Street 1a" houseid="402" entryx="32355" entryy="31767" entryz="7" rent="2100" townid="4" size="15" />
	<house name="Northern Street 1b" houseid="403" entryx="32355" entryy="31767" entryz="6" rent="2100" townid="4" size="15" />
	<house name="Northern Street 1c" houseid="404" entryx="32357" entryy="31766" entryz="6" rent="1600" townid="4" size="10" />
	<house name="Northern Street 3a" houseid="405" entryx="32368" entryy="31766" entryz="6" rent="1600" townid="4" size="10" />
	<house name="Northern Street 3b" houseid="406" entryx="32371" entryy="31769" entryz="6" rent="1700" townid="4" size="11" />
	<house name="Northern Street 5" houseid="407" entryx="32380" entryy="31771" entryz="7" rent="4700" townid="4" size="40" />
	<house name="Northern Street 7" houseid="408" entryx="32389" entryy="31773" entryz="7" rent="3100" townid="4" size="34" />
	<house name="Northport Village 1" houseid="409" entryx="32481" entryy="31614" entryz="7" rent="2500" townid="4" size="20" />
	<house name="Northport Village 2" houseid="410" entryx="32481" entryy="31609" entryz="7" rent="2500" townid="4" size="20" />
	<house name="Northport Village 3" houseid="411" entryx="32481" entryy="31611" entryz="6" rent="4800" townid="4" size="43" />
	<house name="Northport Village 4" houseid="412" entryx="32491" entryy="31602" entryz="7" rent="4600" townid="4" size="41" />
	<house name="Northport Village 5" houseid="413" entryx="32503" entryy="31604" entryz="7" rent="3100" townid="4" size="25" />
	<house name="Northport Village 6" houseid="414" entryx="32502" entryy="31607" entryz="7" rent="3700" townid="4" size="31" />
	<house name="Park Lane 1a" houseid="415" entryx="32326" entryy="31766" entryz="7" rent="2800" townid="4" size="20" />
	<house name="Park Lane 1b" houseid="416" entryx="32335" entryy="31766" entryz="7" rent="2800" townid="4" size="20" />
	<house name="Park Lane 2" houseid="417" entryx="32335" entryy="31769" entryz="7" rent="2200" townid="4" size="16" />
	<house name="Park Lane 3a" houseid="418" entryx="32328" entryy="31764" entryz="6" rent="2500" townid="4" size="19" />
	<house name="Park Lane 3b" houseid="419" entryx="32330" entryy="31763" entryz="6" rent="3200" townid="4" size="25" />
	<house name="Park Lane 4" houseid="420" entryx="32327" entryy="31769" entryz="7" rent="2100" townid="4" size="16" />
	<house name="Rosebud A" houseid="421" entryx="32265" entryy="31702" entryz="7" rent="2500" townid="4" size="22" />
	<house name="Rosebud B" houseid="422" entryx="32263" entryy="31697" entryz="7" rent="2500" townid="4" size="22" />
	<house name="Rosebud C" houseid="423" entryx="32272" entryy="31697" entryz="7" rent="3100" townid="4" size="26" />
	<house name="Senja Village 10" houseid="424" entryx="32145" entryy="31674" entryz="7" rent="3300" townid="4" size="30" />
	<house name="Senja Village 11" houseid="425" entryx="32141" entryy="31676" entryz="7" rent="5600" townid="4" size="50" />
	<house name="Senja Village 1a" houseid="426" entryx="32160" entryy="31662" entryz="7" rent="1700" townid="4" size="15" />
	<house name="Senja Village 1b" houseid="427" entryx="32162" entryy="31660" entryz="6" rent="3400" townid="4" size="24" />
	<house name="Senja Village 2" houseid="428" entryx="32161" entryy="31665" entryz="7" rent="1700" townid="4" size="14" />
	<house name="Senja Village 3" houseid="429" entryx="32155" entryy="31662" entryz="7" rent="3700" townid="4" size="32" />
	<house name="Senja Village 4" houseid="430" entryx="32156" entryy="31665" entryz="7" rent="1700" townid="4" size="14" />
	<house name="Senja Village 5" houseid="431" entryx="32149" entryy="31658" entryz="7" rent="2500" townid="4" size="20" />
	<house name="Senja Village 6a" houseid="432" entryx="32152" entryy="31655" entryz="7" rent="1700" townid="4" size="14" />
	<house name="Senja Village 6b" houseid="433" entryx="32157" entryy="31654" entryz="6" rent="1700" townid="4" size="13" />
	<house name="Senja Village 7" houseid="434" entryx="32131" entryy="31659" entryz="6" rent="1700" townid="4" size="11" />
	<house name="Senja Village 8" houseid="435" entryx="32136" entryy="31665" entryz="7" rent="3500" townid="4" size="27" />
	<house name="Senja Village 9" houseid="436" entryx="32132" entryy="31671" entryz="7" rent="5500" townid="4" size="46" />
	<house name="Theater Avenue 10" houseid="437" entryx="32314" entryy="31792" entryz="7" rent="2200" townid="4" size="17" />
	<house name="Theater Avenue 11a" houseid="438" entryx="32315" entryy="31781" entryz="5" rent="2900" townid="4" size="24" />
	<house name="Theater Avenue 11b" houseid="439" entryx="32314" entryy="31782" entryz="5" rent="1300" townid="4" size="10" />
	<house name="Theater Avenue 11c" houseid="440" entryx="32310" entryy="31782" entryz="5" rent="1300" townid="4" size="10" />
	<house name="Theater Avenue 12" houseid="441" entryx="32310" entryy="31792" entryz="7" rent="1900" townid="4" size="14" />
	<house name="Theater Avenue 14 (Shop)" houseid="442" entryx="32301" entryy="31792" entryz="7" rent="4700" townid="4" size="38" />
	<house name="Theater Avenue 5a" houseid="443" entryx="32361" entryy="31781" entryz="6" rent="1000" townid="4" size="7" />
	<house name="Theater Avenue 5b" houseid="444" entryx="32361" entryy="31783" entryz="6" rent="1000" townid="4" size="7" />
	<house name="Theater Avenue 5c" houseid="445" entryx="32359" entryy="31781" entryz="6" rent="1000" townid="4" size="7" />
	<house name="Theater Avenue 5d" houseid="446" entryx="32359" entryy="31783" entryz="6" rent="1000" townid="4" size="7" />
	<house name="Theater Avenue 6a" houseid="447" entryx="32377" entryy="31794" entryz="7" rent="1600" townid="4" size="10" />
	<house name="Theater Avenue 6b" houseid="448" entryx="32376" entryy="31795" entryz="7" rent="500" townid="4" size="2" />
	<house name="Theater Avenue 6c" houseid="449" entryx="32374" entryy="31794" entryz="7" rent="1600" townid="4" size="10" />
	<house name="Theater Avenue 6d" houseid="450" entryx="32377" entryy="31794" entryz="6" rent="1600" townid="4" size="10" />
	<house name="Theater Avenue 6e" houseid="451" entryx="32376" entryy="31795" entryz="6" rent="500" townid="4" size="2" />
	<house name="Theater Avenue 6f" houseid="452" entryx="32374" entryy="31794" entryz="6" rent="1600" townid="4" size="10" />
	<house name="Theater Avenue 7, Flat 01" houseid="453" entryx="32350" entryy="31786" entryz="7" rent="700" townid="4" size="4" />
	<house name="Theater Avenue 7, Flat 02" houseid="454" entryx="32351" entryy="31783" entryz="7" rent="900" townid="4" size="6" />
	<house name="Theater Avenue 7, Flat 03" houseid="455" entryx="32350" entryy="31779" entryz="7" rent="900" townid="4" size="6" />
	<house name="Theater Avenue 7, Flat 04" houseid="456" entryx="32348" entryy="31779" entryz="7" rent="1100" townid="4" size="8" />
	<house name="Theater Avenue 7, Flat 05" houseid="457" entryx="32346" entryy="31783" entryz="7" rent="900" townid="4" size="6" />
	<house name="Theater Avenue 7, Flat 06" houseid="458" entryx="32347" entryy="31786" entryz="7" rent="700" townid="4" size="4" />
	<house name="Theater Avenue 7, Flat 11" houseid="459" entryx="32350" entryy="31784" entryz="6" rent="1100" townid="4" size="8" />
	<house name="Theater Avenue 7, Flat 12" houseid="460" entryx="32351" entryy="31783" entryz="6" rent="900" townid="4" size="6" />
	<house name="Theater Avenue 7, Flat 13" houseid="461" entryx="32350" entryy="31779" entryz="6" rent="900" townid="4" size="6" />
	<house name="Theater Avenue 7, Flat 14" houseid="462" entryx="32348" entryy="31779" entryz="6" rent="1100" townid="4" size="8" />
	<house name="Theater Avenue 7, Flat 15" houseid="463" entryx="32346" entryy="31783" entryz="6" rent="900" townid="4" size="6" />
	<house name="Theater Avenue 7, Flat 16" houseid="464" entryx="32347" entryy="31784" entryz="6" rent="900" townid="4" size="6" />
	<house name="Theater Avenue 8a" houseid="465" entryx="32356" entryy="31795" entryz="6" rent="2600" townid="4" size="20" />
	<house name="Theater Avenue 8b" houseid="466" entryx="32356" entryy="31792" entryz="5" rent="2600" townid="4" size="19" />
	<house name="House of Recreation" houseid="467" entryx="32280" entryy="31824" entryz="7" rent="40100" guildhall="true" townid="4" size="323" />
	<house name="Moonkeep" houseid="468" entryx="32431" entryy="31761" entryz="7" rent="28800" guildhall="true" townid="4" size="220" />
	<house name="Seawatch" houseid="469" entryx="32521" entryy="31601" entryz="7" rent="42200" guildhall="true" townid="4" size="257" />
	<house name="Northport Clanhall" houseid="470" entryx="32468" entryy="31613" entryz="7" rent="16200" guildhall="true" townid="4" size="123" />
	<house name="Nordic Stronghold" houseid="471" entryx="32297" entryy="31674" entryz="7" rent="41000" guildhall="true" townid="4" size="274" />
	<house name="Senja Clanhall" houseid="472" entryx="32169" entryy="31664" entryz="7" rent="21500" guildhall="true" townid="4" size="161" />
	<house name="Suntower" houseid="473" entryx="32341" entryy="31848" entryz="7" rent="23200" guildhall="true" townid="4" size="198" />
</houses>
