<?xml version="1.0"?>
<houses>
	<house name="Blessed Shield Guildhall" houseid="1" entryx="32908" entryy="32127" entryz="6" rent="8090" townid="1" size="126" />
	<house name="Dagger Alley 1" houseid="2" entryx="32921" entryy="32134" entryz="6" rent="2665" townid="1" size="53" />
	<house name="Dream Street 1 (Shop)" houseid="3" entryx="32897" entryy="32107" entryz="6" rent="4330" townid="1" size="81" />
	<house name="Dream Street 2" houseid="4" entryx="32898" entryy="32077" entryz="6" rent="3340" townid="1" size="63" />
	<house name="Dream Street 3" houseid="5" entryx="32897" entryy="32069" entryz="6" rent="2710" townid="1" size="51" />
	<house name="Dream Street 4" houseid="6" entryx="32898" entryy="32042" entryz="6" rent="3765" townid="1" size="65" />
	<house name="Elm Street 1" houseid="7" entryx="32894" entryy="32056" entryz="6" rent="2710" townid="1" size="51" />
	<house name="Elm Street 2" houseid="8" entryx="32894" entryy="32055" entryz="6" rent="2665" townid="1" size="51" />
	<house name="Elm Street 3" houseid="9" entryx="32902" entryy="32056" entryz="6" rent="2855" townid="1" size="51" />
	<house name="Elm Street 4" houseid="10" entryx="32902" entryy="32055" entryz="6" rent="3765" townid="1" size="50" />
	<house name="Golden Axe Guildhall" houseid="11" entryx="32987" entryy="32109" entryz="6" rent="10485" guildhall="true" townid="1" size="167" />
	<house name="Iron Alley 1" houseid="12" entryx="32942" entryy="32126" entryz="6" rent="3450" townid="1" size="60" />
	<house name="Iron Alley 2" houseid="13" entryx="32948" entryy="32126" entryz="6" rent="3450" townid="1" size="59" />
	<house name="Loot Lane 1 (Shop)" houseid="14" entryx="32981" entryy="32059" entryz="6" rent="4565" townid="1" size="84" />
	<house name="Lucky Lane 1 (Shop)" houseid="15" entryx="32936" entryy="32090" entryz="6" rent="6960" townid="1" size="131" />
	<house name="Market Street 1" houseid="16" entryx="32932" entryy="32051" entryz="6" rent="6680" townid="1" size="132" />
	<house name="Market Street 2" houseid="17" entryx="32944" entryy="32053" entryz="6" rent="4925" townid="1" size="93" />
	<house name="Market Street 3" houseid="18" entryx="32950" entryy="32052" entryz="6" rent="3475" townid="1" size="67" />
	<house name="Market Street 4 (Shop)" houseid="19" entryx="32960" entryy="32052" entryz="6" rent="5105" townid="1" size="91" />
	<house name="Market Street 5 (Shop)" houseid="20" entryx="32964" entryy="32053" entryz="6" rent="6375" townid="1" size="116" />
	<house name="Market Street 6" houseid="21" entryx="32993" entryy="32052" entryz="6" rent="5485" townid="1" size="97" />
	<house name="Market Street 7" houseid="22" entryx="33004" entryy="32052" entryz="6" rent="2305" townid="1" size="41" />
	<house name="Mystic Lane 1" houseid="23" entryx="32975" entryy="32072" entryz="6" rent="2945" townid="1" size="51" />
	<house name="Mystic Lane 2" houseid="24" entryx="32979" entryy="32072" entryz="6" rent="2980" townid="1" size="57" />
	<house name="Old Lighthouse" houseid="25" entryx="32926" entryy="32037" entryz="6" rent="3610" townid="1" size="73" />
	<house name="Paupers Palace, Flat 01" houseid="26" entryx="32918" entryy="32094" entryz="7" rent="405" townid="1" size="6" />
	<house name="Paupers Palace, Flat 02" houseid="27" entryx="32914" entryy="32094" entryz="7" rent="450" townid="1" size="7" />
	<house name="Paupers Palace, Flat 03" houseid="28" entryx="32911" entryy="32100" entryz="7" rent="405" townid="1" size="6" />
	<house name="Paupers Palace, Flat 04" houseid="29" entryx="32906" entryy="32099" entryz="7" rent="450" townid="1" size="7" />
	<house name="Paupers Palace, Flat 05" houseid="30" entryx="32906" entryy="32096" entryz="7" rent="315" townid="1" size="4" />
	<house name="Paupers Palace, Flat 06" houseid="31" entryx="32906" entryy="32092" entryz="7" rent="450" townid="1" size="7" />
	<house name="Paupers Palace, Flat 07" houseid="32" entryx="32910" entryy="32091" entryz="7" rent="685" townid="1" size="8" />
	<house name="Paupers Palace, Flat 11" houseid="33" entryx="32903" entryy="32095" entryz="6" rent="315" townid="1" size="4" />
	<house name="Paupers Palace, Flat 12" houseid="34" entryx="32904" entryy="32096" entryz="6" rent="685" townid="1" size="8" />
	<house name="Paupers Palace, Flat 13" houseid="35" entryx="32907" entryy="32095" entryz="6" rent="450" townid="1" size="7" />
	<house name="Paupers Palace, Flat 14" houseid="36" entryx="32909" entryy="32096" entryz="6" rent="585" townid="1" size="10" />
	<house name="Paupers Palace, Flat 15" houseid="37" entryx="32911" entryy="32095" entryz="6" rent="450" townid="1" size="7" />
	<house name="Paupers Palace, Flat 16" houseid="38" entryx="32914" entryy="32096" entryz="6" rent="585" townid="1" size="10" />
	<house name="Paupers Palace, Flat 17" houseid="39" entryx="32915" entryy="32095" entryz="6" rent="450" townid="1" size="7" />
	<house name="Paupers Palace, Flat 18" houseid="40" entryx="32918" entryy="32095" entryz="6" rent="315" townid="1" size="4" />
	<house name="Paupers Palace, Flat 21" houseid="41" entryx="32918" entryy="32095" entryz="5" rent="315" townid="1" size="4" />
	<house name="Paupers Palace, Flat 22" houseid="42" entryx="32915" entryy="32095" entryz="5" rent="450" townid="1" size="7" />
	<house name="Paupers Palace, Flat 23" houseid="43" entryx="32914" entryy="32096" entryz="5" rent="585" townid="1" size="10" />
	<house name="Paupers Palace, Flat 24" houseid="44" entryx="32911" entryy="32095" entryz="5" rent="450" townid="1" size="7" />
	<house name="Paupers Palace, Flat 25" houseid="45" entryx="32909" entryy="32096" entryz="5" rent="585" townid="1" size="10" />
	<house name="Paupers Palace, Flat 26" houseid="46" entryx="32907" entryy="32095" entryz="5" rent="450" townid="1" size="7" />
	<house name="Paupers Palace, Flat 27" houseid="47" entryx="32904" entryy="32096" entryz="5" rent="685" townid="1" size="8" />
	<house name="Paupers Palace, Flat 28" houseid="48" entryx="32903" entryy="32095" entryz="5" rent="315" townid="1" size="4" />
	<house name="Paupers Palace, Flat 31" houseid="49" entryx="32918" entryy="32095" entryz="4" rent="855" townid="1" size="16" />
	<house name="Paupers Palace, Flat 32" houseid="50" entryx="32914" entryy="32096" entryz="4" rent="1135" townid="1" size="17" />
	<house name="Paupers Palace, Flat 33" houseid="51" entryx="32911" entryy="32095" entryz="4" rent="765" townid="1" size="13" />
	<house name="Paupers Palace, Flat 34" houseid="52" entryx="32906" entryy="32095" entryz="4" rent="1675" townid="1" size="29" />
	<house name="Salvation Street 1 (Shop)" houseid="53" entryx="32929" entryy="32096" entryz="6" rent="6240" townid="1" size="110" />
	<house name="Salvation Street 2" houseid="54" entryx="32967" entryy="32096" entryz="6" rent="3790" townid="1" size="75" />
	<house name="Salvation Street 3" houseid="55" entryx="32972" entryy="32096" entryz="6" rent="3790" townid="1" size="75" />
	<house name="Seagull Walk 1" houseid="56" entryx="32918" entryy="32052" entryz="6" rent="5095" townid="1" size="100" />
	<house name="Seagull Walk 2" houseid="57" entryx="32915" entryy="32037" entryz="6" rent="2765" townid="1" size="46" />
	<house name="Silver Street 1" houseid="58" entryx="32998" entryy="32109" entryz="6" rent="2565" townid="1" size="52" />
	<house name="Silver Street 2" houseid="59" entryx="32998" entryy="32088" entryz="6" rent="1980" townid="1" size="39" />
	<house name="Silver Street 3" houseid="60" entryx="32998" entryy="32084" entryz="6" rent="1980" townid="1" size="39" />
	<house name="Silver Street 4" houseid="61" entryx="32997" entryy="32077" entryz="6" rent="3295" townid="1" size="62" />
	<house name="Steel Home" houseid="62" entryx="32929" entryy="32125" entryz="6" rent="13845" guildhall="true" townid="1" size="215" />
	<house name="Swamp Watch" houseid="63" entryx="32958" entryy="32119" entryz="6" rent="11090" townid="1" size="128" />
	<house name="Alai Flats, Flat 01" houseid="64" entryx="32377" entryy="32256" entryz="7" rent="765" townid="2" size="13" />
	<house name="Alai Flats, Flat 02" houseid="65" entryx="32382" entryy="32256" entryz="7" rent="765" townid="2" size="13" />
	<house name="Alai Flats, Flat 03" houseid="66" entryx="32374" entryy="32264" entryz="7" rent="765" townid="2" size="13" />
	<house name="Alai Flats, Flat 04" houseid="67" entryx="32386" entryy="32261" entryz="7" rent="765" townid="2" size="13" />
	<house name="Alai Flats, Flat 05" houseid="68" entryx="32386" entryy="32268" entryz="7" rent="1225" townid="2" size="19" />
	<house name="Alai Flats, Flat 06" houseid="69" entryx="32386" entryy="32268" entryz="7" rent="1225" townid="2" size="18" />
	<house name="Alai Flats, Flat 07" houseid="70" entryx="32382" entryy="32268" entryz="7" rent="765" townid="2" size="13" />
	<house name="Alai Flats, Flat 08" houseid="71" entryx="32377" entryy="32268" entryz="7" rent="765" townid="2" size="13" />
	<house name="Alai Flats, Flat 11" houseid="72" entryx="32382" entryy="32256" entryz="6" rent="765" townid="2" size="13" />
	<house name="Alai Flats, Flat 12" houseid="73" entryx="32377" entryy="32256" entryz="6" rent="765" townid="2" size="13" />
	<house name="Alai Flats, Flat 13" houseid="74" entryx="32377" entryy="32268" entryz="6" rent="765" townid="2" size="13" />
	<house name="Alai Flats, Flat 14" houseid="75" entryx="32386" entryy="32261" entryz="6" rent="900" townid="2" size="15" />
	<house name="Alai Flats, Flat 15" houseid="76" entryx="32386" entryy="32268" entryz="6" rent="1450" townid="2" size="23" />
	<house name="Alai Flats, Flat 16" houseid="77" entryx="32386" entryy="32268" entryz="6" rent="1450" townid="2" size="22" />
	<house name="Alai Flats, Flat 17" houseid="78" entryx="32382" entryy="32268" entryz="6" rent="900" townid="2" size="16" />
	<house name="Alai Flats, Flat 18" houseid="79" entryx="32377" entryy="32268" entryz="6" rent="900" townid="2" size="15" />
	<house name="Alai Flats, Flat 21" houseid="80" entryx="32382" entryy="32256" entryz="5" rent="765" townid="2" size="13" />
	<house name="Alai Flats, Flat 22" houseid="81" entryx="32377" entryy="32256" entryz="5" rent="765" townid="2" size="13" />
	<house name="Alai Flats, Flat 23" houseid="82" entryx="32377" entryy="32268" entryz="5" rent="765" townid="2" size="13" />
	<house name="Alai Flats, Flat 24" houseid="83" entryx="32386" entryy="32261" entryz="5" rent="900" townid="2" size="15" />
	<house name="Alai Flats, Flat 25" houseid="84" entryx="32386" entryy="32268" entryz="5" rent="1450" townid="2" size="22" />
	<house name="Alai Flats, Flat 26" houseid="85" entryx="32386" entryy="32268" entryz="5" rent="1450" townid="2" size="22" />
	<house name="Alai Flats, Flat 27" houseid="86" entryx="32382" entryy="32268" entryz="5" rent="900" townid="2" size="16" />
	<house name="Alai Flats, Flat 28" houseid="87" entryx="32377" entryy="32268" entryz="5" rent="900" townid="2" size="16" />
	<house name="Beach Home Apartments, Flat 01" houseid="88" entryx="32314" entryy="32245" entryz="7" rent="2200" townid="2" size="10" />
	<house name="Beach Home Apartments, Flat 02" houseid="89" entryx="32314" entryy="32240" entryz="7" rent="2200" townid="2" size="10" />
	<house name="Beach Home Apartments, Flat 03" houseid="90" entryx="32317" entryy="32235" entryz="7" rent="2300" townid="2" size="10" />
	<house name="Beach Home Apartments, Flat 04" houseid="91" entryx="32313" entryy="32235" entryz="7" rent="3300" townid="2" size="10" />
	<house name="Beach Home Apartments, Flat 05" houseid="92" entryx="32309" entryy="32235" entryz="7" rent="715" townid="2" size="10" />
	<house name="Beach Home Apartments, Flat 06" houseid="93" entryx="32309" entryy="32243" entryz="7" rent="1145" townid="2" size="14" />
	<house name="Beach Home Apartments, Flat 11" houseid="94" entryx="32314" entryy="32243" entryz="6" rent="715" townid="2" size="10" />
	<house name="Beach Home Apartments, Flat 12" houseid="95" entryx="32314" entryy="32238" entryz="6" rent="880" townid="2" size="13" />
	<house name="Beach Home Apartments, Flat 13" houseid="96" entryx="32314" entryy="32234" entryz="6" rent="880" townid="2" size="13" />
	<house name="Beach Home Apartments, Flat 14" houseid="97" entryx="32312" entryy="32234" entryz="6" rent="385" townid="2" size="4" />
	<house name="Beach Home Apartments, Flat 15" houseid="98" entryx="32309" entryy="32234" entryz="6" rent="385" townid="2" size="4" />
	<house name="Beach Home Apartments, Flat 16" houseid="99" entryx="32303" entryy="32244" entryz="6" rent="1145" townid="2" size="13" />
	<house name="Bloodhall" houseid="100" entryx="32643" entryy="32025" entryz="7" rent="15270" guildhall="true" townid="2" size="307" />
	<house name="Castle of Greenshore" houseid="101" entryx="32290" entryy="32070" entryz="7" rent="18860" guildhall="true" townid="2" size="245" />
	<house name="Dark Mansion" houseid="102" entryx="32397" entryy="32155" entryz="7" rent="17845" guildhall="true" townid="2" size="279" />
	<house name="Demon Tower" houseid="103" entryx="32601" entryy="32116" entryz="7" rent="3340" townid="2" size="50" />
	<house name="Farm Lane, 1st floor" houseid="104" entryx="32382" entryy="32232" entryz="7" rent="4000" townid="2" size="16" />
	<house name="Farm Lane, 2nd Floor (Shop)" houseid="105" entryx="32382" entryy="32233" entryz="6" rent="945" townid="2" size="16" />
	<house name="Farm Lane, Basement (Shop)" houseid="106" entryx="32382" entryy="32231" entryz="8" rent="945" townid="2" size="16" />
	<house name="Fibula Clanhall" houseid="107" entryx="32178" entryy="32373" entryz="7" rent="11430" guildhall="true" townid="2" size="127" />
	<house name="Fibula Village 1" houseid="108" entryx="32176" entryy="32433" entryz="7" rent="845" townid="2" size="10" />
	<house name="Fibula Village 2" houseid="109" entryx="32184" entryy="32433" entryz="7" rent="845" townid="2" size="10" />
	<house name="Fibula Village 3" houseid="110" entryx="32196" entryy="32438" entryz="7" rent="3810" townid="2" size="41" />
	<house name="Fibula Village 4" houseid="111" entryx="32175" entryy="32440" entryz="7" rent="1790" townid="2" size="21" />
	<house name="Fibula Village 5" houseid="112" entryx="32171" entryy="32440" entryz="7" rent="1790" townid="2" size="20" />
	<house name="Fibula Village, Bar" houseid="113" entryx="32151" entryy="32399" entryz="7" rent="5235" townid="2" size="66" />
	<house name="Fibula Village, Tower Flat" houseid="114" entryx="32159" entryy="32439" entryz="7" rent="5105" townid="2" size="71" />
	<house name="Fibula Village, Villa" houseid="115" entryx="32140" entryy="32374" entryz="7" rent="11490" townid="2" size="185" />
	<house name="Greenshore Clanhall" houseid="116" entryx="32278" entryy="32069" entryz="7" rent="10800" guildhall="true" townid="2" size="126" />
	<house name="Greenshore Village 1" houseid="117" entryx="32274" entryy="32062" entryz="7" rent="2420" townid="2" size="29" />
	<house name="Greenshore Village 2" houseid="118" entryx="32264" entryy="32042" entryz="7" rent="780" townid="2" size="9" />
	<house name="Greenshore Village 3" houseid="119" entryx="32259" entryy="32042" entryz="7" rent="780" townid="2" size="9" />
	<house name="Greenshore Village 4" houseid="120" entryx="32259" entryy="32041" entryz="7" rent="780" townid="2" size="9" />
	<house name="Greenshore Village 5" houseid="121" entryx="32264" entryy="32041" entryz="7" rent="780" townid="2" size="9" />
	<house name="Greenshore Village 6" houseid="122" entryx="32258" entryy="32041" entryz="6" rent="4360" townid="2" size="58" />
	<house name="Greenshore Village 7" houseid="123" entryx="32266" entryy="32032" entryz="7" rent="1260" townid="2" size="17" />
	<house name="Greenshore Village, Shop" houseid="124" entryx="32278" entryy="32052" entryz="7" rent="1800" townid="2" size="20" />
	<house name="Greenshore Village, Villa" houseid="125" entryx="32276" entryy="32045" entryz="7" rent="8700" townid="2" size="112" />
	<house name="Guildhall of the Red Rose" houseid="126" entryx="32180" entryy="32427" entryz="7" rent="27725" guildhall="true" townid="2" size="329" />
	<house name="Halls of the Adventurers" houseid="127" entryx="32397" entryy="32042" entryz="7" rent="15380" guildhall="true" townid="2" size="239" />
	<house name="Harbour Place 1" houseid="128" entryx="32336" entryy="32222" entryz="7" rent="3000" townid="2" size="16" />
	<house name="Harbour Place 2" houseid="129" entryx="32336" entryy="32210" entryz="7" rent="3500" townid="2" size="18" />
	<house name="Harbour Street 4" houseid="130" entryx="32332" entryy="32257" entryz="7" rent="935" townid="2" size="13" />
	<house name="Lower Swamp Lane 1" houseid="131" entryx="32356" entryy="32262" entryz="7" rent="4740" townid="2" size="56" />
	<house name="Lower Swamp Lane 3" houseid="132" entryx="32368" entryy="32262" entryz="7" rent="4740" townid="2" size="56" />
	<house name="Main Street 9, 1st floor" houseid="133" entryx="32377" entryy="32224" entryz="7" rent="4500" townid="2" size="24" />
	<house name="Main Street 9a, 2nd floor (Shop)" houseid="134" entryx="32377" entryy="32222" entryz="6" rent="765" townid="2" size="11" />
	<house name="Main Street 9b, 2nd floor (Shop)" houseid="135" entryx="32377" entryy="32224" entryz="6" rent="1260" townid="2" size="22" />
	<house name="Mercenary Tower" houseid="136" entryx="32208" entryy="32437" entryz="7" rent="41955" guildhall="true" townid="2" size="508" />
	<house name="Mill Avenue 1 (Shop)" houseid="137" entryx="32398" entryy="32181" entryz="7" rent="1300" townid="2" size="17" />
	<house name="Mill Avenue 2 (Shop)" houseid="138" entryx="32404" entryy="32181" entryz="7" rent="2350" townid="2" size="34" />
	<house name="Mill Avenue 3" houseid="139" entryx="32410" entryy="32184" entryz="7" rent="1400" townid="2" size="21" />
	<house name="Mill Avenue 4" houseid="140" entryx="32413" entryy="32189" entryz="6" rent="1400" townid="2" size="20" />
	<house name="Mill Avenue 5" houseid="141" entryx="32422" entryy="32178" entryz="7" rent="3250" townid="2" size="46" />
	<house name="Snake Tower" houseid="142" entryx="32435" entryy="32359" entryz="7" rent="29720" guildhall="true" townid="2" size="409" />
	<house name="Sorcerer's Avenue 1a" houseid="143" entryx="32300" entryy="32254" entryz="7" rent="1255" townid="2" size="15" />
	<house name="Sorcerer's Avenue 1b" houseid="144" entryx="32300" entryy="32251" entryz="6" rent="1035" townid="2" size="12" />
	<house name="Sorcerer's Avenue 1c" houseid="145" entryx="32300" entryy="32249" entryz="6" rent="1255" townid="2" size="15" />
	<house name="Sorcerer's Avenue 5" houseid="146" entryx="32284" entryy="32256" entryz="7" rent="2965" townid="2" size="41" />
	<house name="Sorcerer's Avenue Labs 2a" houseid="147" entryx="32297" entryy="32273" entryz="8" rent="715" townid="2" size="6" />
	<house name="Sorcerer's Avenue Labs 2b" houseid="148" entryx="32293" entryy="32273" entryz="8" rent="715" townid="2" size="6" />
	<house name="Sorcerer's Avenue Labs 2c" houseid="149" entryx="32305" entryy="32274" entryz="8" rent="715" townid="2" size="6" />
	<house name="Sorcerer's Avenue Labs 2d" houseid="150" entryx="32301" entryy="32274" entryz="8" rent="715" townid="2" size="6" />
	<house name="Sorcerer's Avenue Labs 2e" houseid="151" entryx="32297" entryy="32274" entryz="8" rent="715" townid="2" size="6" />
	<house name="Sorcerer's Avenue Labs 2f" houseid="152" entryx="32293" entryy="32274" entryz="8" rent="715" townid="2" size="6" />
	<house name="Southern Thais Guildhall" houseid="153" entryx="32401" entryy="32254" entryz="7" rent="22440" guildhall="true" townid="2" size="267" />
	<house name="Spiritkeep" houseid="154" entryx="32265" entryy="32316" entryz="7" rent="19210" guildhall="true" townid="2" size="295" />
	<house name="Sunset Homes, Flat 01" houseid="155" entryx="32333" entryy="32232" entryz="7" rent="2000" townid="2" size="10" />
	<house name="Sunset Homes, Flat 02" houseid="156" entryx="32333" entryy="32237" entryz="7" rent="2000" townid="2" size="10" />
	<house name="Sunset Homes, Flat 03" houseid="157" entryx="32334" entryy="32244" entryz="7" rent="2000" townid="2" size="10" />
	<house name="Sunset Homes, Flat 11" houseid="158" entryx="32333" entryy="32232" entryz="6" rent="520" townid="2" size="10" />
	<house name="Sunset Homes, Flat 12" houseid="159" entryx="32333" entryy="32237" entryz="6" rent="520" townid="2" size="10" />
	<house name="Sunset Homes, Flat 13" houseid="160" entryx="32334" entryy="32244" entryz="6" rent="860" townid="2" size="13" />
	<house name="Sunset Homes, Flat 14" houseid="161" entryx="32334" entryy="32249" entryz="6" rent="520" townid="2" size="10" />
	<house name="Sunset Homes, Flat 21" houseid="162" entryx="32333" entryy="32232" entryz="5" rent="520" townid="2" size="10" />
	<house name="Sunset Homes, Flat 22" houseid="163" entryx="32333" entryy="32237" entryz="5" rent="520" townid="2" size="10" />
	<house name="Sunset Homes, Flat 23" houseid="164" entryx="32334" entryy="32244" entryz="5" rent="860" townid="2" size="13" />
	<house name="Sunset Homes, Flat 24" houseid="165" entryx="32334" entryy="32249" entryz="5" rent="520" townid="2" size="10" />
	<house name="Thais Clanhall" houseid="167" entryx="32326" entryy="32272" entryz="7" rent="8420" guildhall="true" townid="2" size="144" />
	<house name="Thais Hostel" houseid="168" entryx="32333" entryy="32255" entryz="6" rent="6980" townid="2" size="62" />
	<house name="The City Wall 1a" houseid="169" entryx="32422" entryy="32189" entryz="7" rent="1270" townid="2" size="20" />
	<house name="The City Wall 1b" houseid="170" entryx="32422" entryy="32189" entryz="6" rent="1270" townid="2" size="20" />
	<house name="The City Wall 3a" houseid="171" entryx="32423" entryy="32208" entryz="7" rent="1045" townid="2" size="15" />
	<house name="The City Wall 3b" houseid="172" entryx="32423" entryy="32203" entryz="7" rent="1045" townid="2" size="15" />
	<house name="The City Wall 3c" houseid="173" entryx="32423" entryy="32198" entryz="7" rent="1045" townid="2" size="15" />
	<house name="The City Wall 3d" houseid="174" entryx="32423" entryy="32208" entryz="6" rent="1045" townid="2" size="15" />
	<house name="The City Wall 3e" houseid="175" entryx="32423" entryy="32203" entryz="6" rent="1045" townid="2" size="15" />
	<house name="The City Wall 3f" houseid="176" entryx="32423" entryy="32198" entryz="6" rent="1045" townid="2" size="15" />
	<house name="The City Wall 5b" houseid="177" entryx="32416" entryy="32220" entryz="6" rent="585" townid="2" size="10" />
	<house name="The City Wall 5d" houseid="178" entryx="32416" entryy="32223" entryz="6" rent="585" townid="2" size="10" />
	<house name="The City Wall 5f" houseid="179" entryx="32416" entryy="32226" entryz="6" rent="585" townid="2" size="10" />
	<house name="The City Wall 7b" houseid="180" entryx="32419" entryy="32237" entryz="6" rent="585" townid="2" size="10" />
	<house name="The City Wall 7d" houseid="181" entryx="32413" entryy="32237" entryz="6" rent="865" townid="2" size="12" />
	<house name="The City Wall 7f" houseid="182" entryx="32413" entryy="32238" entryz="6" rent="865" townid="2" size="12" />
	<house name="The City Wall 7h" houseid="183" entryx="32419" entryy="32238" entryz="6" rent="585" townid="2" size="10" />
	<house name="The City Wall 9" houseid="184" entryx="32419" entryy="32247" entryz="7" rent="955" townid="2" size="14" />
	<house name="The Tibianic" houseid="185" entryx="32277" entryy="32011" entryz="5" rent="34500" guildhall="true" townid="2" size="435" />
	<house name="Upper Swamp Lane 10" houseid="186" entryx="32412" entryy="32256" entryz="7" rent="2060" townid="2" size="24" />
	<house name="Upper Swamp Lane 12" houseid="188" entryx="32419" entryy="32256" entryz="7" rent="3800" townid="2" size="43" />
	<house name="Upper Swamp Lane 2" houseid="189" entryx="32348" entryy="32252" entryz="7" rent="4740" townid="2" size="56" />
	<house name="Upper Swamp Lane 4" houseid="190" entryx="32360" entryy="32252" entryz="7" rent="4740" townid="2" size="56" />
	<house name="Upper Swamp Lane 8" houseid="191" entryx="32398" entryy="32256" entryz="7" rent="8120" townid="2" size="120" />
	<house name="Warriors Guildhall" houseid="192" entryx="32348" entryy="32213" entryz="7" rent="14725" guildhall="true" townid="2" size="257" />
	<house name="The City Wall 5a" houseid="194" entryx="32416" entryy="32220" entryz="7" rent="585" townid="2" size="10" />
	<house name="The City Wall 5c" houseid="195" entryx="32416" entryy="32223" entryz="7" rent="585" townid="2" size="10" />
	<house name="The City Wall 5e" houseid="196" entryx="32416" entryy="32226" entryz="7" rent="585" townid="2" size="10" />
	<house name="The City Wall 7a" houseid="197" entryx="32419" entryy="32237" entryz="7" rent="585" townid="2" size="10" />
	<house name="The City Wall 7c" houseid="198" entryx="32413" entryy="32237" entryz="7" rent="865" townid="2" size="12" />
	<house name="The City Wall 7e" houseid="199" entryx="32413" entryy="32238" entryz="7" rent="865" townid="2" size="12" />
	<house name="The City Wall 7g" houseid="200" entryx="32419" entryy="32238" entryz="7" rent="585" townid="2" size="10" />
	<house name="Coastwood 1a" houseid="202" entryx="0" entryy="0" entryz="0" rent="0" townid="5" size="33" />
	<house name="Coastwood 1b" houseid="204" entryx="0" entryy="0" entryz="0" rent="0" townid="5" size="41" />
</houses>
